{"cameraMode":{"drawMode":0,"name":"Shaded","section":"Shading Mode"},"sceneLighting":true,"audioPlay":false,"sceneViewState":{"showFog":true,"showMaterialUpdate":false,"showSkybox":true,"showFlares":true,"showImageEffects":true,"showParticleSystems":true},"in2DMode":false,"pivot":{"x":5.757091045379639,"y":20.813993453979493,"z":16.938905715942384},"rotation":{"x":0.029556240886449815,"y":-0.9169649481773377,"z":0.3918125331401825,"w":0.06917161494493485},"size":10.91408920288086,"orthographic":false}