{"cameraMode":{"drawMode":0,"name":"Shaded","section":"Shading Mode"},"sceneLighting":false,"audioPlay":false,"sceneViewState":{"showFog":true,"showMaterialUpdate":false,"showSkybox":true,"showFlares":true,"showImageEffects":true,"showParticleSystems":true},"in2DMode":false,"pivot":{"x":-10.059168815612793,"y":0.18000000715255738,"z":-0.4503769874572754},"rotation":{"x":0.12903998792171479,"y":0.320712685585022,"z":-0.04415377229452133,"w":0.9373059868812561},"size":2.8578836917877199,"orthographic":false}