{"cameraMode":{"drawMode":0,"name":"Shaded","section":"Shading Mode"},"sceneLighting":true,"audioPlay":false,"sceneViewState":{"showFog":true,"showMaterialUpdate":false,"showSkybox":true,"showFlares":true,"showImageEffects":true,"showParticleSystems":true},"in2DMode":false,"pivot":{"x":46.66597366333008,"y":-2.90040922164917,"z":-27.040325164794923},"rotation":{"x":-0.01689995639026165,"y":-0.9158900380134583,"z":0.03877681866288185,"w":-0.39919447898864748},"size":59.59318923950195,"orthographic":false}