{"cameraMode":{"drawMode":0,"name":"Shaded","section":"Shading Mode"},"sceneLighting":false,"audioPlay":false,"sceneViewState":{"showFog":true,"showMaterialUpdate":false,"showSkybox":true,"showFlares":true,"showImageEffects":true,"showParticleSystems":true},"in2DMode":false,"pivot":{"x":-6.834000110626221,"y":0.12000000476837158,"z":4.841078281402588},"rotation":{"x":0.12903998792171479,"y":0.320712685585022,"z":-0.04415377229452133,"w":0.9373059868812561},"size":3.1575722694396974,"orthographic":false}